{"mean_": [-0.8613321209365765, -0.8811742928587666, -1.0119074681475226, -0.9090648307515777, -0.9518938286840083, -0.9221901081414607, -0.8723032290888622, -0.6714621288388054], "scale_": [13.741277020974874, 14.797513518440036, 5.592018107337467, 2.677287678103201, 2.7473614340316783, 4.622086469515751, 9.144764834433563, 20.396354533918846]}