{"mean": [5.592785554192982, 95.50917804936496, 6.331464174454829, 4.8097771387491015, 7.095990145410432, 6.798670978229477, 5.305002748763152, 90.41409058231488, 6.261730170141385, 4.751210160555955, 6.718545057826443, 6.3833224655657155, 3.57095050816881, 62.28832973879703, 6.153942008147616, 4.7298825784807095, 4.4955787370460785, 4.169800846620176, 2.2944897872880423, 39.43489096573209, 6.1423436376707405, 4.442655164150492, 2.883578014944184, 2.5975081247434635, 1.7179177062629816, 26.99520728492691, 6.096285645818356, 4.223005032350827, 2.1486384763125144, 1.844014947002833, 1.9331641786837108, 31.272082434699257, 6.172441888329739, 4.240354660915409, 2.4551020998177835, 2.153704162394609, 3.120330979264461, 51.56309609393722, 6.233357296908699, 4.37248981548047, 3.982979868921051, 3.6722081283320014, 6.180265290875587, 102.9489575844716, 6.305008387251378, 4.622381979391325, 7.856903185897871, 7.507082042195681], "scale": [5.1619436739807325, 86.17071606600501, 2.0054513983793383, 2.4731096881320784, 6.471242742895627, 6.387067533495978, 6.218693594266906, 104.50531129573568, 2.0436606469089718, 2.503939210862686, 7.774832672533832, 7.678480636106071, 2.466146599968703, 49.847152625683194, 2.0667687598349387, 2.57607583366762, 3.115399370084946, 3.1518117152107954, 1.8764229748799994, 40.75274924201427, 2.0560005449628185, 2.5502722718610578, 2.4028283035737545, 2.433290186247678, 0.8592260616000508, 16.2367009794999, 2.0135362930498126, 2.3677010013610804, 1.0523840605711379, 1.0939823698078597, 1.8074136022412606, 32.340297871662784, 2.050495478639608, 2.376371639690876, 2.31896751644587, 2.314267555882562, 3.798951828991667, 63.79704564493344, 2.076961403359495, 2.388134752113614, 4.7865345078894475, 4.7412439828523745, 9.109621414364307, 147.6466028100308, 2.0118618600565634, 2.405080368708738, 11.153706113319725, 10.953279098937282]}