{
  "mean": [
    0.49269557873988856,
    0.44849651641578797,
    0.5357623822876663,
    0.49345393114985425,
    0.5228618948028555,
    0.4865881686481869,
    0.44808104281227457,
    0.45230834973450906,
    0.5364447141853242,
    0.4166548271698105,
    0.5159988965529946,
    0.48395268357456167,
    0.45017381215718155,
    0.5039095372107765,
    0.4943659926491766,
    0.5141808156768621,
    0.4937565979760341,
    0.5228830522970516,
    0.5115879439733689,
    0.46410783370846226,
    0.5075920603461754,
    0.4847819909022529,
    0.4829413932498296,
    0.5020062910550817,
    0.5287468261831119,
    0.5170993823119565,
    0.45235331266490064,
    0.47190921689071486,
    0.5235350756279787,
    0.5443852231169283,
    0.4969158547295928,
    0.49416157101742025,
    0.5200425893163438,
    0.5491279872537349,
    0.5161986400853895,
    0.5171198663611317,
    0.5115112443049916,
    0.5245319014034228,
    0.5103824606492622,
    0.49380476324200034,
    0.5452779657606955,
    0.5000177736068494,
    0.47405608372803215,
    0.519373203320379,
    0.4778287610910135,
    0.5426557852182556,
    0.5200088608460475,
    0.4512483490868872
  ],
  "scale": [
    0.29114855593422867,
    0.28013431537887407,
    0.2777763265395414,
    0.31029176046395923,
    0.25431306539303583,
    0.2781839662162765,
    0.2880422597196392,
    0.31719711368347353,
    0.2822202682121095,
    0.27976277301718105,
    0.2899599535378016,
    0.29734356132020656,
    0.25597440650472375,
    0.3046765253201298,
    0.28013790562431995,
    0.2775450770048324,
    0.2961470858285867,
    0.27861108207197627,
    0.2780053580261659,
    0.2541654274095372,
    0.30080061309747164,
    0.2801669294938732,
    0.2889179784346065,
    0.3008529650782309,
    0.2951409943763367,
    0.25971945168079164,
    0.28307252384521037,
    0.28152389819249396,
    0.2944305798719937,
    0.27100171039005233,
    0.28043313300001244,
    0.2743985029408384,
    0.2697228882785295,
    0.30288310536553426,
    0.2637890156586097,
    0.28313460507238997,
    0.3080117441089065,
    0.2879927256582172,
    0.2937269240599623,
    0.2978009328704146,
    0.2939090064564435,
    0.28755890614834106,
    0.31081626395982354,
    0.26544144219524224,
    0.2715390358973627,
    0.27706059317196213,
    0.2681317227332798,
    0.2760512985372882
  ]
}