{"mean": [9.349672450664526, 151.93223653934652, 5.66428900138058, 3.5754716981132075, 11.814019792954092, 11.444682405837765, 8.548415040199252, 138.53658536585365, 5.63403129314312, 3.448803497468937, 10.771916094400789, 10.360310294937166, 3.793014536693648, 60.0189829728486, 5.584560515416475, 3.275885872066268, 4.78672339032368, 4.489630260276672, 2.072697003329646, 30.812011044638748, 5.505982512655315, 3.0537275655775424, 2.577787591417836, 2.299590800769212, 2.1206992230854635, 31.69891854578923, 5.524390243902439, 3.0965255407271055, 2.6465107217658708, 2.3703697117374207, 2.6357299477545366, 40.84330418775886, 5.564427059364934, 3.110906580763921, 3.3467736237567576, 3.0593780007420617, 5.206579410411198, 82.92199723884032, 5.454210768522779, 3.3062586286240223, 6.62779535764048, 6.261933556595448, 11.412042175360698, 183.88748274275196, 5.6175793833410035, 3.508973768982973, 14.466347473750057, 13.989668737726504], "scale": [5.610534758625516, 95.23815734158102, 1.7531247267785686, 1.929304212737686, 6.968172542071448, 6.867188677001524, 8.094104292443236, 136.8417471236418, 1.8416005496270493, 1.9424597143505107, 10.088718134936276, 9.962100535877658, 2.4182431078231477, 42.93964539117136, 1.8197935088269293, 1.9044847910220193, 3.036743531522231, 3.0668675606484763, 0.9448290424881538, 17.445170255999518, 1.8092634045053406, 1.8507939499452053, 1.1484924235802285, 1.196631518052273, 0.963843723910453, 17.526251002713558, 1.8033125572259434, 1.8586130848282332, 1.1813829319190887, 1.2055018522439576, 2.481418484637742, 44.182254659741204, 1.8585792182189311, 1.8684006752598168, 3.1751381961753298, 3.153825763733544, 4.998457309556769, 84.94804935949081, 1.8798705994118468, 1.9546379977106147, 6.273322030401013, 6.228718758974548, 11.922555007372713, 194.79396290475117, 1.834213432897298, 1.9361738011519642, 14.417513526740722, 14.158005003475658]}