{"min_": [0.0847457627118644, 0.049180327868852514, 0.22480620155038755, 0.1063829787234043, 0.3414634146341464, 0.0039215686274509665, -0.01195219123505975, 0.0039215686274509665], "scale_": [0.00847457627118644, 0.00819672131147541, 0.015503875968992248, 0.0425531914893617, 0.024390243902439025, 0.00784313725490196, 0.00796812749003984, 0.00784313725490196]}